corr_g1_g3,corr_g2_g3,corr_g1_g2
0.8091417205401172,0.9107431630583614,0.8587387525170547
