subject,p10,p50,p90,n
Math,5.0,11.0,15.600000000000023,395
Portuguese,8.799999999999997,12.0,16.0,649
